{
  "condition": "minecraft:any_of",
  "terms": [
    {
      "condition": "minecraft:entity_properties",
      "entity": "this",
      "predicate": {
        "equipment": {
          "mainhand": {
            "tag": "minecraft:axes"
          }
        }
      }
    },
    {
      "condition": "minecraft:entity_properties",
      "entity": "this",
      "predicate": {
        "equipment": {
          "mainhand": {
            "tag": "minecraft:pickaxes"
          }
        }
      }
    },
    {
      "condition": "minecraft:entity_properties",
      "entity": "this",
      "predicate": {
        "equipment": {
          "mainhand": {
            "tag": "minecraft:shovels"
          }
        }
      }
    },
    {
      "condition": "minecraft:entity_properties",
      "entity": "this",
      "predicate": {
        "equipment": {
          "mainhand": {
            "tag": "minecraft:hoes"
          }
        }
      }
    }
  ]
}
