{
  "condition": "minecraft:inverted",
  "term": {
    "condition": "minecraft:any_of",
    "terms": [
      {
        "condition": "minecraft:weather_check",
        "raining": true
      },
      {
        "condition": "minecraft:weather_check",
        "thundering": true
      },
      {
        "condition": "minecraft:time_check",
        "value": {
          "min": 12600,
          "max": 23000
        },
        "period": 24000
      },
      {
        "condition": "minecraft:location_check",
        "predicate": {
          "dimension": "minecraft:the_end"
        }
      },
      {
        "condition": "minecraft:location_check",
        "predicate": {
          "dimension": "minecraft:the_nether"
        }
      }
    ]
  }
}
