{
  "pools": [
    {
      "rolls": 1,
      "entries": [
        {
          "type": "minecraft:item",
          "name": "minecraft:beetroot_seeds"
        },
        {
          "type": "minecraft:item",
          "name": "minecraft:melon_seeds"
        },
        {
          "type": "minecraft:item",
          "name": "minecraft:pumpkin_seeds"
        },
        {
          "type": "minecraft:item",
          "name": "minecraft:wheat_seeds"
        },
        {
          "type": "minecraft:item",
          "name": "minecraft:sweet_berries"
        },
        {
          "type": "minecraft:item",
          "name": "minecraft:kelp"
        },
        {
          "type": "minecraft:item",
          "name": "minecraft:sugar_cane"
        },
        {
          "type": "minecraft:item",
          "name": "minecraft:brown_mushroom"
        },
        {
          "type": "minecraft:item",
          "name": "minecraft:red_mushroom"
        },
        {
          "type": "minecraft:item",
          "name": "minecraft:potato"
        },
        {
          "type": "minecraft:item",
          "name": "minecraft:carrot"
        }
      ]
    }
  ]
}
